C,M,F,I,L,V,W,Y,A,G,T,S,N,Q,D,E,H,R,K,P
0,0,0,0,0,0,0,0,0,0,0,0,0,0,0,0,0,0,0,0
0,-1,-1,-1,-1,-1,-1,0,-1,-1,0,0,0,0,0,0,0,0,0,-1
0,-1,-1,-1,-1,-1,-1,0,-1,-1,0,0,0,0,0,0,0,0,0,-1
0,-1,-1,-1,-1,-1,-1,0,-1,-1,0,0,0,0,0,0,0,0,0,-1
0,-1,-1,-1,-1,-1,-1,0,-1,-1,0,0,0,0,0,0,0,0,0,-1
0,-1,-1,-1,-1,-1,-1,0,-1,-1,0,0,0,0,0,0,0,0,0,-1
0,-1,-1,-1,-1,-1,-1,0,-1,-1,0,0,0,0,0,0,0,0,0,-1
0,0,0,0,0,0,0,0,0,0,0,0,0,0,0,0,0,0,0,0
0,-1,-1,-1,-1,-1,-1,0,-1,-1,0,0,0,0,0,0,0,0,0,-1
0,-1,-1,-1,-1,-1,-1,0,-1,-1,0,0,0,0,0,0,0,0,0,-1
0,0,0,0,0,0,0,0,0,0,0,0,0,0,0,0,0,0,0,0
0,0,0,0,0,0,0,0,0,0,0,0,0,0,0,0,0,0,0,0
0,0,0,0,0,0,0,0,0,0,0,0,0,0,0,0,0,0,0,0
0,0,0,0,0,0,0,0,0,0,0,0,0,0,0,0,0,0,0,0
0,0,0,0,0,0,0,0,0,0,0,0,0,0,0,0,0,0,0,0
0,0,0,0,0,0,0,0,0,0,0,0,0,0,0,0,0,0,0,0
0,0,0,0,0,0,0,0,0,0,0,0,0,0,0,0,0,0,0,0
0,0,0,0,0,0,0,0,0,0,0,0,0,0,0,0,0,0,0,0
0,0,0,0,0,0,0,0,0,0,0,0,0,0,0,0,0,0,0,0
0,-1,-1,-1,-1,-1,-1,0,-1,-1,0,0,0,0,0,0,0,0,0,-1
